text,predicted_label
"ETF assets to surge tenfold in 10 years to $50 trillion, Bank of America predicts",1
Here’s What Hedge Funds Think Evolution Petroleum Corporation (EPM),2
$PVH - Phillips-Van Heusen Q3 2020 Earnings Preview https://t.co/kNhCYwVnBX,2
"China is in the process of waiving retaliatory tariffs on imports of U.S. pork and soy by domestic companies, a pro… https://t.co/08mZU9TrBX",2
"Highlight: “When growth is scarce, investors seem very willing to pay up for growth stock"" @PNCBank's… https://t.co/rO4fBOkBG9",2
Marvell Technology (MRVL) Gains As Market Dips: What You Should Know - Nasdaq,1
UPDATE 1-Italian airline Alitalia's rescue in doubt as Atlantia backtracks,2
why macro funds are shutting down left and right https://t.co/gVYowOBmqe,0
Uber's arrival caused binge drinking to increase up to 21.8% and a possible decrease in drunk driving. Here's a lo… https://t.co/4h7tuhLp1B,2
New Dungeons & Dragons game announced,2
"Becton Dickinson Earnings, Revenue Beat in Q1",2
$KERN guess what? Great alert this week....... https://t.co/6aNynTGnoP,1
"Arch Coal rated Buy at Benchmark, seeing opportunity after selloff",1
Federal Reserve officials will feel comfortable maintaining their wait-and-see posture on interest rates after Frid… https://t.co/Jlpmp7kwVr,2
Oil drops 5% https://t.co/QTBfZT68Ti https://t.co/JQ8jsuuMhI,0
Chipotle highlights fast drive-thru lanes,2
Trump Tax Fight Faces New Urgency After Impeachment Acquittal,2
Wall Street Breakfast: Merger Monday. Get more updates here: https://t.co/jl4re63yZs #investing #markets #business,2
"Hillary should give it another try, but this time don’t forget Wisconsin, Pennsylvania, Michigan, North Carolina &… https://t.co/NqyY73nZwh",2
